{
  "etf_candidates": {
    "ITA": "Defense & aerospace",
    "SOXX": "US semiconductors",
    "PAVE": "Infrastructure / reshoring",
    "IGM": "Networking & digital infrastructure",
    "IYW": "Tech hardware & services",
    "XLI": "Industrial supply chain",
    "VOX": "Communications infrastructure"
  },
  "index_lists": {},
  "thresholds": {
    "lookback_days": 365,
    "vol_window": 63,
    "min_one_year_return": 0.0,
    "max_realized_vol": 30.0,
    "max_china_share": 0.10
  },
  "weights": {
    "momentum_252": 0.30,
    "max_drawdown_63": 0.10,
    "beta_cn": 0.40,
    "revenue_growth": 0.12,
    "net_margin": 0.08
  },
  "manual_inclusions": {
    "CSCO": "Secure networking (Cisco)",
    "NUE": "Domestic steel (Nucor)",
    "LMT": "Defense prime (Lockheed Martin)"
  }
}
