{
  "etf_candidates": {
    "ITA": "Defense & aerospace",
    "SOXX": "US semiconductors",
    "PAVE": "Infrastructure / reshoring",
    "IGM": "Networking & digital infrastructure",
    "IYW": "Tech hardware & services",
    "XLI": "Industrial supply chain",
    "VOX": "Communications infrastructure"
  },
  "thresholds": {
    "lookback_days": 365,
    "vol_window": 63,
    "min_one_year_return": 0.0,
    "max_realized_vol": 0.30,
    "max_china_share": 0.10
  },
  "weights": {
    "policy": 0.4,
    "china": 0.25,
    "returns": 0.15,
    "liquidity": 0.1,
    "volatility": 0.1
  },
  "manual_inclusions": {
    "CSCO": "Secure networking (Cisco)",
    "NUE": "Domestic steel (Nucor)",
    "LMT": "Defense prime (Lockheed Martin)"
  }
}
